url,name,address,city,state,phone
http://starnesaccounting.com/,Starnes Accounting Services,"îƒˆ106 W Stanly St, Stanfield, NC 28163",Stanfield,NC,î‚°(704) 888-3835
https://justinfoleycpa.com/,"Foley CPA, PLLC",,Staley,NC,
https://bdkaccounting.com/,Barry D. Kelly Accounting Services,"îƒˆ5751 Laurel Ridge Dr, Snow Camp, NC 27349",Snow Camp,NC,î‚°(336) 263-0596
http://www.mcjjcpa.com/,"Coffey & Johnson, CPA - PLLC","îƒˆ7835 North Carolina Hwy 150, Terrell, NC 28682",Terrell,NC,î‚°(704) 230-1684
https://hendrixbarneycpas.com/,Hendrix & Barney LLC,"îƒˆ1015 Hutton Ln Ste 103, High Point, NC 27262",High Point,NC,î‚°(336) 887-2272
http://www.atscpa.com/,ATS CPA PLLC,"îƒˆ27 Falls Ave, Granite Falls, NC 28630",Granite Falls,NC,î‚°(828) 396-3326
http://stanleetax.com/,"StanLee Enterprises, LLC dba StanLee Tax","îƒˆ519 Main St, Hudson, NC 28638",Hudson,NC,
http://main-st-grill-staley.lany.io/,Sammy's Grill,"îƒˆ126 S Main St, Staley, NC 27355",Staley,NC,î‚°(336) 622-1306
https://www.msanderscpa.com/,Michael L Sanders CPA,"îƒˆ11 W 3rd St, Lexington, NC 27292",Lexington,NC,î‚°(336) 249-9923
http://www.davedillardcpa.com/,"Dave C Dillard PA, Certified Public Accountant","îƒˆ704 W Harden St, Graham, NC 27253",Graham,NC,î‚°(336) 226-5195
http://www.ncacpa.org/,North Carolina Association of Certified Public Accountants,"îƒˆ2700 Wycliff Rd Suite 230, Raleigh, NC 27607",Raleigh,NC,î‚°(919) 469-1040
http://siskgreenecpa.com/,"Sisk, Greene & Associates CPAs PLLC","îƒˆ716 S Main St, Stanley, NC 28164",Stanley,NC,î‚°(704) 822-1551
http://collinskingcpa.com/,"Ronald Collins, CPA","îƒˆ117 W Raleigh St, Siler City, NC 27344",Siler City,NC,î‚°(919) 663-2533
http://baumercpa.com/,"Stephanie A. Baumer, CPA, PC","îƒˆ103 W Main St, Marshville, NC 28103",Marshville,NC,î‚°(704) 624-1974
https://www.ballardsurrattcpa.com/,Ballard Surratt & Co,"îƒˆ100 Salem St, Thomasville, NC 27360",Thomasville,NC,î‚°(336) 472-3434
http://www.adamhallcpa.com/,Adam Hall CPA PA,"îƒˆ7233 Clinton Rd, Stedman, NC 28391",Stedman,NC,î‚°(910) 483-5696
https://splinternetmarketing.com/local-pros/north-carolina/lexington/eddie-carrick-cpa/,"Eddie Carrick, CPA","îƒˆ151 Young Dr, Lexington, NC 27292",Lexington,NC,î‚°(336) 249-2545
https://cpadsn.com/about-us/,Dodson Barry Z CPA,"îƒˆ201 S Market St, Madison, NC 27025",Madison,NC,î‚°(336) 548-2625
http://cbmcpas.com/,"Collins, Boike & Moore PA","îƒˆ1800 Dickerson Blvd, Monroe, NC 28110",Monroe,NC,î‚°(980) 313-8245
https://brendajhadleyctsllc.com/,Results,"îƒˆ514 E 3rd St, Siler City, NC 27344",Siler City,NC,î‚°(919) 663-3066
https://www.summittaxandaccounting.com/,Results,"îƒˆ3451 US-220 ALT, Seagrove, NC 27341",Seagrove,NC,î‚°(336) 301-4629
https://www.facebook.com/AAAAccountingandmore,Results,"îƒˆ26 E Main St, Maiden, NC 28650",Maiden,NC,î‚°(828) 428-8878
